{
	"description": "项目配置文件",
	"packOptions": {
		"ignore": []
	},
	"setting": {
		"urlCheck": false,
		"es6": true,
		"postcss": true,
		"preloadBackgroundData": false,
		"minified": true,
		"newFeature": true,
		"coverView": true,
		"autoAudits": false,
		"showShadowRootInWxmlPanel": true,
		"scopeDataCheck": false,
		"checkInvalidKey": true,
		"checkSiteMap": true,
		"uploadWithSourceMap": true,
		"babelSetting": {
			"ignore": [],
			"disablePlugins": [],
			"outputPath": ""
		}
	},
	"compileType": "miniprogram",
	"libVersion": "2.11.2",
	"appid": "wxb02d4c07a66353e0",
	"projectname": "program%E7%BB%88",
	"debugOptions": {
		"hidedInDevtools": []
	},
	"isGameTourist": false,
	"simulatorType": "wechat",
	"simulatorPluginLibVersion": {},
	"condition": {
		"search": {
			"current": -1,
			"list": []
		},
		"conversation": {
			"current": -1,
			"list": []
		},
		"plugin": {
			"current": -1,
			"list": []
		},
		"game": {
			"currentL": -1,
			"list": []
		},
		"gamePlugin": {
			"current": -1,
			"list": []
		},
		"miniprogram": {
			"current": -1,
			"list": [
				{
					"id": -1,
					"name": "分类页",
					"pathName": "pages/category/category",
					"query": "",
					"scene": null
				},
				{
					"id": 1,
					"name": "商品详情",
					"pathName": "pages/good_detail/index",
					"query": "id= 465107",
					"scene": null
				},
				{
					"id": 2,
					"name": "意见反馈",
					"pathName": "pages/feedback/feedback",
					"query": "",
					"scene": null
				},
				{
					"id": -1,
					"name": "我的",
					"pathName": "pages/my/index",
					"query": "",
					"scene": null
				},
				{
					"id": -1,
					"name": "登录",
					"pathName": "pages/login/login",
					"query": "",
					"scene": null
				},
				{
					"id": -1,
					"name": "我的收藏",
					"pathName": "pages/collect/collect",
					"query": "",
					"scene": null
				},
				{
					"id": -1,
					"name": "搜索",
					"pathName": "pages/search/index",
					"query": "",
					"scene": null
				},
				{
					"id": -1,
					"name": "pages/userinfo/userinfo",
					"pathName": "pages/userinfo/userinfo",
					"query": "",
					"scene": null
				},
				{
					"id": -1,
					"name": "pages/cart/index",
					"pathName": "pages/cart/index",
					"query": "",
					"scene": null
				},
				{
					"id": -1,
					"name": "pages/pay/index",
					"pathName": "pages/pay/index",
					"query": "",
					"scene": null
				},
				{
					"id": 10,
					"name": "pages/order_detail/order_detail",
					"pathName": "pages/order_detail/order_detail",
					"query": "id=562140",
					"scene": null
				},
				{
					"id": -1,
					"name": "pages/allorder/allorder",
					"pathName": "pages/allorder/allorder",
					"query": "",
					"scene": null
				},
				{
					"id": -1,
					"name": "pages/detail/detail",
					"pathName": "pages/detail/detail",
					"query": "id=562341",
					"scene": null
				},
				{
					"id": -1,
					"name": "pages/detail/detail",
					"pathName": "pages/detail/detail",
					"query": "id=562706",
					"scene": null
				},
				{
					"id": -1,
					"name": "pages/userinfo/userinfo",
					"pathName": "pages/userinfo/userinfo",
					"scene": null
				}
			]
		}
	}
}